{"is_source_file": true, "format": "bash", "description": "This is a script for automating database backups across multiple database systems (SQLite, PostgreSQL, MySQL, MongoDB). It detects the running database type and performs the appropriate backup commands.", "external_files": ["/usr/lib/postgresql/", "/var/run/mysqld/mysqld.sock"], "external_methods": ["ls", "cp", "sudo -u postgres pg_isready", "ls /usr/lib/postgresql/", "mysqladmin ping", "mysql -h localhost -P --silent", "mysqldump", "mongosh", "mongodump"], "published": [], "classes": [], "methods": [], "calls": ["ls", "cp", "sudo -u postgres pg_isready", "mysqladmin ping", "mysql", "mysqldump", "mongosh", "mongodump"], "search-terms": ["backup_db.sh", "database backup script", "SQLite backup", "PostgreSQL backup", "MySQL backup", "MongoDB backup", "database detection", "shell script database"], "state": 2, "file_id": 1, "knowledge_revision": 13, "git_revision": "", "hash": null, "format-version": 4, "code-base-name": "travel_database", "filename": "travel_database/backup_db.sh", "revision_history": [{"13": ""}]}