{"is_source_file": true, "format": "SQL", "description": "Schema definitions for database tables related to a travel planning application, including users, trips, destinations, itineraries, packing lists, and notes.", "external_files": [], "external_methods": [], "published": [], "classes": [], "methods": [], "calls": [], "search-terms": ["CREATE TABLE", "users", "trips", "destinations", "itineraries", "packing_lists", "notes", "REFERENCES"], "state": 3, "file_id": 8, "knowledge_revision": 17, "git_revision": "", "hash": null, "format-version": 4, "code-base-name": "travel_database", "filename": "travel_database/schema.sql", "revision_history": [{"17": ""}, {"19": ""}]}