{"is_source_file": true, "format": "HTML", "description": "This file is an HTML document implementing the front-end interface for a database viewer web application. It contains structure, styles, and embedded JavaScript code to browse databases, tables, and display table data with interactive features.", "external_files": ["/api/databases", "/api/{db}/tables", "/api/{db}/tables/{tableName}/data?limit=50"], "external_methods": ["fetchData('/api/databases')", "fetchData(`/api/${db}/tables`)", "fetchData(`/api/${db}/tables/${tableName}/data?limit=50`)"], "published": [], "classes": [], "methods": [{"name": "loadDatabases", "description": "Fetches the list of databases from the server and populates the sidebar."}, {"name": "refreshDatabases", "description": "Refreshes the database list, resets current selections, and updates the UI."}, {"name": "toggleDatabase", "description": "Opens or closes a specific database's table list."}, {"name": "loadTables", "description": "Fetches tables for a given database and displays them in the sidebar."}, {"name": "loadTableData", "description": "Fetches data for a selected table and renders it in a table format."}, {"name": "renderTable", "description": "Creates HTML table structure from data and inserts it into the DOM."}, {"name": "renderCell", "description": "Renders individual cell content, handling nulls, objects, and long strings."}, {"name": "expandCell", "description": "Expands or collapses cell content for lengthy data or objects."}], "calls": ["fetchData('/api/databases')", "fetchData(`/api/${db}/tables`)", "fetchData(`/api/${db}/tables/${tableName}/data?limit=50`)"], "search-terms": ["Database Viewer", "HTML UI", "embedded JavaScript", "table rendering", "interactive data display", "database browser", "data expansion", "API endpoints for databases"], "state": 2, "file_id": 3, "knowledge_revision": 15, "git_revision": "", "hash": null, "format-version": 4, "code-base-name": "travel_database", "filename": "travel_database/db_visualizer/public/index.html", "revision_history": [{"15": ""}]}