{"is_source_file": true, "format": "bash script", "description": "This is a startup script for configuring and initializing a PostgreSQL database server. It handles checking if PostgreSQL is already running, initializing the data directory, starting the server, creating a database and user, setting permissions, and saving connection environment variables.", "external_files": ["/usr/lib/postgresql/", "/var/lib/postgresql/data/PG_VERSION", "db_connection.txt", "db_visualizer/postgres.env"], "external_methods": ["ls", "sudo", "pg_isready", "pgrep", "psql", "initdb", "createdb", "sleep"], "published": [], "classes": [], "methods": [], "calls": ["ls /usr/lib/postgresql/", "sudo -u postgres pg_isready", "sudo -u postgres psql", "sudo -u postgres initdb", "sudo -u postgres postgres", "sudo -u postgres createdb", "sudo -u postgres psql", "cat", "echo", "sleep", "pgrep -f", "tail", "exit"], "search-terms": ["PostgreSQL startup", "database initialization", "user creation", "permissions setup", "pg_isready", "psql", "initdb", "start PostgreSQL"], "state": 2, "file_id": 5, "knowledge_revision": 14, "git_revision": "", "hash": null, "format-version": 4, "code-base-name": "travel_database", "filename": "travel_database/startup.sh", "revision_history": [{"14": ""}]}