{"is_source_file": true, "format": "bash", "description": "A shell script for restoring various types of databases (SQLite, PostgreSQL, MySQL, MongoDB) based on available backup files and environment conditions.", "external_files": ["database_backup.db", "database_backup.sql", "database_backup.archive"], "external_methods": ["cp", "ls", "sudo -u postgres pg_isready", "psql", "mysqladmin", "mysql", "mongosh", "mongorestore"], "published": [], "classes": [], "methods": [], "calls": ["cp", "ls", "sudo -u postgres pg_isready", "psql", "mysqladmin ping", "mysql", "mongosh", "mongorestore", "echo"], "search-terms": ["restore_db", "database_backup", "SQLite", "PostgreSQL", "MySQL", "MongoDB", "backup", "restore", "shell script"], "state": 2, "file_id": 6, "knowledge_revision": 12, "git_revision": "", "hash": null, "format-version": 4, "code-base-name": "travel_database", "filename": "travel_database/restore_db.sh", "revision_history": [{"12": ""}]}